Number of CPU,Check available CPU and limit,Load Model,Prepare data,Run Inference,Inference per Image,Total Time,Batch size,Number of SM
2,0.00014328956604,6.038601875305176,1.430511474609375e-06,0.537123441696167,0.2685617208480835,138.28496980667114,2,72
4,3.504753112792969e-05,0.18615126609802246,1.9073486328125e-06,0.8159737586975098,0.4079868793487549,261.5095646381378,2,72
