Number of CPU, Check available CPU and limit, Load Model, Prepare data, Run Inference, Inference per Image, Total Time, Batch size, Number of SM,Check available CPU and limit,Load Model,Prepare data,Run Inference,Inference per Image,Total Time,Batch size,Number of SM
2,,,,,,,,,0.0006144046783447,0.3650691509246826,0.0164113044738769,5.582033634185791,2.7910168170928955,5.966451168060303,2.0,72.0
4,,,,,,,,,0.0060577392578125,0.2135713100433349,0.0022253990173339,5.328605651855469,2.6643028259277344,5.552518129348755,2.0,72.0
8,,,,,,,,,0.0050010681152343,0.1910254955291748,0.0020287036895751,5.163506746292114,2.581753373146057,5.362672805786133,2.0,72.0
16,,,,,,,,,0.00335693359375,0.2353813648223877,0.0025801658630371094,6.0061986446380615,3.0030993223190308,6.251896619796753,2.0,72.0
